<BackupInst xmlns="http://www.microsoft.com/GroupPolicy/GPOOperations/Manifest"><GPOGuid><![CDATA[{31B2F340-016D-11D2-945F-00C04FB984F9}]]></GPOGuid><GPODomain><![CDATA[test.com]]></GPODomain><GPODomainGuid><![CDATA[{fb7602a2-81d0-44b6-8745-8cae5a89f8ec}]]></GPODomainGuid><GPODomainController><![CDATA[WIN-L91MJBHSC9B.test.com]]></GPODomainController><BackupTime><![CDATA[2021-12-10T22:25:02]]></BackupTime><ID><![CDATA[{CB7D072C-F2AC-4369-82A0-FCA67EDBFBA8}]]></ID><Comment><![CDATA[]]></Comment><GPODisplayName><![CDATA[Default Domain Policy]]></GPODisplayName></BackupInst>
